-- phpMyAdmin SQL Dump
-- version 4.7.9
-- https://www.phpmyadmin.net/
--
-- Host: 127.0.0.1:3306
-- Generation Time: Aug 13, 2018 at 09:58 PM
-- Server version: 5.7.21
-- PHP Version: 5.6.35

SET SQL_MODE = "NO_AUTO_VALUE_ON_ZERO";
SET AUTOCOMMIT = 0;
START TRANSACTION;
SET time_zone = "+00:00";


/*!40101 SET @OLD_CHARACTER_SET_CLIENT=@@CHARACTER_SET_CLIENT */;
/*!40101 SET @OLD_CHARACTER_SET_RESULTS=@@CHARACTER_SET_RESULTS */;
/*!40101 SET @OLD_COLLATION_CONNECTION=@@COLLATION_CONNECTION */;
/*!40101 SET NAMES utf8mb4 */;

--
-- Database: `melodymakerdb`
--

-- --------------------------------------------------------

--
-- Table structure for table `tblcsv`
--

DROP TABLE IF EXISTS `tblcsv`;
CREATE TABLE IF NOT EXISTS `tblcsv` (
  `csvID` int(11) NOT NULL,
  `csvName` varchar(100) NOT NULL,
  `csvPath` varchar(150) NOT NULL,
  `csvGenreID` int(11) NOT NULL,
  `moodID` int(11) NOT NULL,
  PRIMARY KEY (`csvID`)
) ENGINE=MyISAM DEFAULT CHARSET=latin1;

--
-- Dumping data for table `tblcsv`
--

INSERT INTO `tblcsv` (`csvID`, `csvName`, `csvPath`, `csvGenreID`, `moodID`) VALUES
(1, 'A.R.Rahman_-_The_man', '\'D:\\BelgiumCampus\\2018\\3rd Year Project\\Genres\\blues\\A.R.Rahman_-_The_man\'', 1, 3),
(2, 'Albert_Collins_-_A_Good_Fool_Is_Hard_To_Find', '\'D:\\BelgiumCampus\\2018\\3rd Year Project\\Genres\\blues\\Albert_Collins_-_A_Good_Fool_Is_Hard_To_Find\'', 1, 2),
(3, 'Albert_Collins_-_Fake_ID', '\'D:\\Belgium Campus\\2018\\3rd Year Project\\Genres\\blues\\Albert_Collins_-_Fake_ID\'', 1, 2),
(4, 'BB_King_-_Get_Off_My_Back', '\'D:\\Belgium Campus\\2018\\3rd Year Project\\Genres\\blues\\BB_King_-_Get_Off_My_Back\'', 1, 5),
(5, 'BB_King_-_How_Blue_Can_You_Get', '\'D:\\Belgium Campus\\2018\\3rd Year Project\\Genres\\blues\\BB_King_-_How_Blue_Can_You_Get\'', 1, 3),
(6, 'Blues_Image_-_Ride_Captain_Ride', '\'D:\\Belgium Campus\\2018\\3rd Year Project\\Genres\\blues\\Blues_Image_-_Ride_Captain_Ride\'', 1, 2),
(7, 'Bobby_Blue_Bland_-_A_Touch_Of_Blues', '\'D:\\Belgium Campus\\2018\\3rd Year Project\\Genres\\blues\\Bobby_Blue_Bland_-_A_Touch_Of_Blues\'', 1, 4),
(8, 'Buddy_Guy_-_Midnight_Train', '\'D:\\Belgium Campus\\2018\\3rd Year Project\\Genres\\blues\\Buddy_Guy_-_Midnight_Train\'', 1, 4),
(9, 'Cameron_Lee_Simpson_-_Moonshine_Blues', '\'D:\\Belgium Campus\\2018\\3rd Year Project\\Genres\\blues\\Cameron_Lee_Simpson_-_Moonshine_Blues\'', 1, 4),
(10, 'Candi_Staton_-_Young_Hearts_Run_Free', '\'D:\\Belgium Campus\\2018\\3rd Year Project\\Genres\\blues\\Candi_Staton_-_Young_Hearts_Run_Free\'', 1, 3),
(11, 'Canned_Heat_-_Going_Up_The_Country', '\'D:\\Belgium Campus\\2018\\3rd Year Project\\Genres\\blues\\Canned_Heat_-_Going_Up_The_Country\'', 1, 2),
(12, 'Canned_Heat_-_Rollin_and_Tumblin', '\'D:\\Belgium Campus\\2018\\3rd Year Project\\Genres\\blues\\Canned_Heat_-_Rollin_and_Tumblin\'', 1, 2),
(13, 'Count_Basie_-_Count_On_The_Blues', '\'D:\\Belgium Campus\\2018\\3rd Year Project\\Genres\\blues\\Count_Basie_-_Count_On_The_Blues\'', 1, 4),
(14, 'Cream_-_Crossroads_Blues', '\'D:\\Belgium Campus\\2018\\3rd Year Project\\Genres\\blues\\Cream_-_Crossroads_Blues\'', 1, 4),
(15, 'Delmore_Brothers_-_Blues_Stay_Away_From_Me', '\'D:\\Belgium Campus\\2018\\3rd Year Project\\Genres\\blues\\Delmore_Brothers_-_Blues_Stay_Away_From_Me\'', 1, 1),
(16, 'Elmore_James_-_Dust_My_Broom', '\'D:\\Belgium Campus\\2018\\3rd Year Project\\Genres\\blues\\Elmore_James_-_Dust_My_Broom\'', 1, 3),
(17, 'Etta_James_-_Dance_With_Me_Henry', '\'D:\\Belgium Campus\\2018\\3rd Year Project\\Genres\\blues\\Etta_James_-_Dance_With_Me_Henry\'', 1, 2),
(18, 'ff_-_Soul_Serenade', '\'D:\\Belgium Campus\\2018\\3rd Year Project\\Genres\\blues\\ff_-_Soul_Serenade\'', 1, 4),
(19, 'Freddie_King_-_Hideaway', '\'D:\\Belgium Campus\\2018\\3rd Year Project\\Genres\\blues\\Freddie_King_-_Hideaway\'', 1, 1),
(20, 'Gary_Moore_-_A_Cold_Day_In_Hell', '\'D:\\Belgium Campus\\2018\\3rd Year Project\\Genres\\bluesGary_Moore_-_A_Cold_Day_In_Hell\'', 1, 1),
(21, 'George_Thorogood_-_Bad_to_the__Bone', '\'D:\\Belgium Campus\\2018\\3rd Year Project\\Genres\\blues\\George_Thorogood_-_Bad_to_the__Bone\'', 1, 5),
(22, 'Howlin_Wolf_-_Little_Red_Rooster', '\'D:\\Belgium Campus\\2018\\3rd Year Project\\Genres\\blues\\Howlin_Wolf_-_Little_Red_Rooster\'', 1, 7),
(23, 'Jelly_Roll_Morton_-_Honky_Tonk_Blues', '\'D:\\Belgium Campus\\2018\\3rd Year Project\\Genres\\blues\\Jelly_Roll_Morton_-_Honky_Tonk_Blues\'', 1, 4),
(24, 'Joe_Cocker_-_Bye_Bye_Blackbird_(Sleepless_in_Seattle)', '\'D:\\Belgium Campus\\2018\\3rd Year Project\\Genres\\blues\\Joe_Cocker_-_Bye_Bye_Blackbird_(Sleepless_in_Seattle)\'', 1, 1),
(25, 'Steely_Dan_-_Deacon_Blues', '\'D:\\Belgium Campus\\2018\\3rd Year Project\\Genres\\blues\\Steely_Dan_-_Deacon_Blues\'', 1, 4),
(26, 'TAM_Music_Factory_-_Flower_Dream', '\'D:\\Belgium Campus\\2018\\3rd Year Project\\Genres\\blues\\TAM_Music_Factory_-_Flower_Dream\'', 1, 4),
(27, 'The_Fifth_Dimension_-_Wedding_Bell_Blues', '\'D:\\Belgium Campus\\2018\\3rd Year Project\\Genres\\blues\\The_Fifth_Dimension_-_Wedding_Bell_Blues\'', 1, 4),
(28, 'The_Moody_Blues_-_For_My_Lady', '\'D:\\Belgium Campus\\2018\\3rd Year Project\\Genres\\blues\\The_Moody_Blues_-_For_My_Lady\'', 1, 4),
(29, 'The_Moody_Blues_-_Gemini_Dream', '\'D:\\Belgium Campus\\2018\\3rd Year Project\\Genres\\blues\\The_Moody_Blues_-_Gemini_Dream\'', 1, 4),
(30, 'The_Moody_Blues_-_Go_Now', '\'D:\\Belgium Campus\\2018\\3rd Year Project\\Genres\\blues\\The_Moody_Blues_-_Go_Now\'', 1, 1),
(31, 'The_Moody_Blues_-_I_Know_Youre_Out_There_Some', '\'D:\\Belgium Campus\\2018\\3rd Year Project\\Genres\\blues\\The_Moody_Blues_-_I_Know_Youre_Out_There_Some\'', 1, 1),
(32, 'The_Moody_Blues_-_Im_Just_a_Singer', '\'D:\\Belgium Campus\\2018\\3rd Year Project\\Genres\\blues\\The_Moody_Blues_-_Im_Just_a_Singer\'', 1, 3),
(33, 'The_Moody_Blues_-_The_Other_Side_of_Life', '\'D:\\Belgium Campus\\2018\\3rd Year Project\\Genres\\blues\\The_Moody_Blues_-_The_Other_Side_of_Life\'1', 1, 1),
(34, 'The_Moody_Blues_-_The_Story_in_Your_Eyes', '\'D:\\Belgium Campus\\2018\\3rd Year Project\\Genres\\blues\\The_Moody_Blues_-_The_Story_in_Your_Eyes\'', 1, 1),
(35, 'The_Moody_Blues_-_Your_Wildest_Dreams', '\'D:\\Belgium Campus\\2018\\3rd Year Project\\Genres\\blues\\The_Moody_Blues_-_Your_Wildest_Dreams\'', 1, 4),
(36, 'Debussy_Claude_-_Orchestration', '\'D:\\Belgium Campus\\2018\\3rd Year Project\\Genres\\classic\\Debussy_Claude_-_Orchestration\'', 2, 7),
(37, 'Deep_Purple_-_Child_in_Time', '\'D:\\Belgium Campus\\2018\\3rd Year Project\\Genres\\classic\\Deep_Purple_-_Child_in_Time\'', 2, 2),
(38, 'Delmore_Brothers_-_', '\'D:\\Belgium Campus\\2018\\3rd Year Project\\Genres\\classic\\Delmore_Brothers_-_\'', 2, 3),
(39, 'djwill96_-_change_to_zip,_is_a_pack', '\'D:\\Belgium Campus\\2018\\3rd Year Project\\Genres\\classic\\djwill96_-_change_to_zip,_is_a_pack\'', 2, 3),
(40, 'Dvorak_midi-seq-by-Ong_Cmu_-_Humoresque_Devorak', '\'D:\\Belgium Campus\\2018\\3rd Year Project\\Genres\\classic\\Dvorak_midi-seq-by-Ong_Cmu_-_Humoresque_Devorak\'', 2, 5),
(41, 'Elmer_Bernstein_-_', '\'D:\\Belgium Campus\\2018\\3rd Year Project\\Genres\\classic\\Elmer_Bernstein_-_\'', 2, 3),
(42, 'Elmer_Bernstein_-_Os_Dez_Mandamentos_1956_-_theme', '\'D:\\Belgium Campus\\2018\\3rd Year Project\\Genres\\classic\\Elmer_Bernstein_-_Os_Dez_Mandamentos_1956_-_theme\'', 2, 3),
(43, 'Elmer_Bernstein_-_The_Ten_Commandments_1956_Theme', '\'D:\\Belgium Campus\\2018\\3rd Year Project\\Genres\\classic\\Elmer_Bernstein_-_The_Ten_Commandments_1956_Theme\'', 2, 7),
(44, 'ELO_-_ELO_-_Alright', '\'D:\\Belgium Campus\\2018\\3rd Year Project\\Genres\\classic\\ELO_-_ELO_-_Alright\'', 2, 7),
(45, 'Elvis_Presley_-_', '\'D:\\Belgium Campus\\2018\\3rd Year Project\\Genres\\classic\\Elvis_Presley_-_\'', 2, 3),
(46, 'Ensemble-_Isaac_Piano_-_Ensemble-_Isaac_Piano', '\'D:\\Belgium Campus\\2018\\3rd Year Project\\Genres\\classic\\Ensemble-_Isaac_Piano_-_Ensemble-_Isaac_Piano\'', 2, 3),
(47, 'Enya_-_Lothlorien', '\'D:\\Belgium Campus\\2018\\3rd Year Project\\Genres\\classic\\Enya_-_Lothlorien', 2, 7),
(48, 'Erica_Glenn_-_Blank_Canvas', '\'D:\\Belgium Campus\\2018\\3rd Year Project\\Genres\\classic\\Erica_Glenn_-_Blank_Canvas\'', 2, 4),
(49, 'Fabiola_-_', '\'D:\\Belgium Campus\\2018\\3rd Year Project\\Genres\\classic\\Fabiola_-_\'', 2, 3),
(50, 'Fairouz_-_Addaysh_kan_fi_nas', '\'D:\\Belgium Campus\\2018\\3rd Year Project\\Genres\\classic\\Fairouz_-_Addaysh_kan_fi_nas\'', 2, 5),
(51, 'Fairouz_-_Nassam_3alayna_al_Hawa', '\'D:\\Belgium Campus\\2018\\3rd Year Project\\Genres\\classic\\Fairouz_-_Nassam_3alayna_al_Hawa\'', 2, 6),
(52, 'Friedrich_Kiel_-_Bolero', '\'D:\\Belgium Campus\\2018\\3rd Year Project\\Genres\\classic\\Friedrich_Kiel_-_Bolero\'', 2, 7),
(53, 'gandija_-_fanfarria', '\'D:\\Belgium Campus\\2018\\3rd Year Project\\Genres\\classic\\gandija_-_fanfarria\'', 2, 3),
(54, 'George_stone_of_Passport_Designs_-_Trip_through_the_grand_canyon(on_some_windows_pcs)', '\'D:\\Belgium Campus\\2018\\3rd Year Project\\Genres\\classic\\George_stone_of_Passport_Designs_-_Trip_through_the_grand_canyon(on_some_windows_pcs)', 2, 2),
(55, 'George_Winston_-_Canon_in_B_flat_(Modify)', '\'D:\\Belgium Campus\\2018\\3rd Year Project\\Genres\\classic\\George_Winston_-_Canon_in_B_flat_(Modify)', 2, 3),
(56, 'George_Winston_-_Canon_in_E_flat_', '\'D:\\Belgium Campus\\2018\\3rd Year Project\\Genres\\classic\\George_Winston_-_Canon_in_E_flat_\'', 2, 3),
(57, 'George_Winston_-_Canon_in_E_flat_(George_Winston)', '\'D:\\Belgium Campus\\2018\\3rd Year Project\\Genres\\classic\\George_Winston_-_Canon_in_E_flat_(George_Winston)\'', 2, 7),
(58, 'guoziqing_-_codeguoziqing', '\'D:\\Belgium Campus\\2018\\3rd Year Project\\Genres\\classic\\guoziqing_-_codeguoziqing\'', 2, 1),
(59, 'Gustav_Holst_-_Jupiter_from__The_Planets_', '\'D:\\Belgium Campus\\2018\\3rd Year Project\\Genres\\classic\\Gustav_Holst_-_Jupiter_from__The_Planets_\'', 2, 2),
(60, 'Gustav_Holst_-_Uranus_from__The_Planets_', '\'D:\\Belgium Campus\\2018\\3rd Year Project\\Genres\\classic\\Gustav_Holst_-_Uranus_from__The_Planets_\'', 2, 7),
(61, 'Hatzidakis_Manos_-_Go_for_a_walk_on_the_moon', '\'D:\\Belgium Campus\\2018\\3rd Year Project\\Genres\\classic\\Hatzidakis_Manos_-_Go_for_a_walk_on_the_moon\'', 2, 3),
(62, 'Hatzidakis_Manos_-_Imittos', '\'D:\\Belgium Campus\\2018\\3rd Year Project\\Genres\\classic\\Hatzidakis_Manos_-_Imittos\'', 2, 6),
(63, 'Hatzidakis_Manos_-_Take_my_sorrow', '\'D:\\Belgium Campus\\2018\\3rd Year Project\\Genres\\classic\\', 2, 2),
(64, 'Hernan_Gomez_-_Es_Navidad', '\'D:\\Belgium Campus\\2018\\3rd Year Project\\Genres\\classic\\Hernan_Gomez_-_Es_Navidad\'', 2, 2),
(65, 'IDC_-_IDC', '\'D:\\Belgium Campus\\2018\\3rd Year Project\\Genres\\classic\\IDC_-_IDC\'', 2, 6),
(66, 'Jigsaw_-_', '\'D:\\Belgium Campus\\2018\\3rd Year Project\\Genres\\classic\\Jigsaw_-_\'', 2, 4),
(67, 'Joan_Jett_-_i_s_been_so_long', '\'D:\\Belgium Campus\\2018\\3rd Year Project\\Genres\\classic\\Joan_Jett_-_i_s_been_so_long\'', 2, 7),
(68, 'Johann_Pachelbel_-_Canon_in_E_flat_Remix', '\'D:\\Belgium Campus\\2018\\3rd Year Project\\Genres\\classic\\Johann_Pachelbel_-_Canon_in_E_flat_Remix\'', 2, 2),
(69, 'Johann_Sebastian_Bach_-_Double_Violin_Concerto_in_D_minor,_BWV_1043,_First_Movement__Vivace', '\'D:\\Belgium Campus\\2018\\3rd Year Project\\Genres\\classic\\Johann_Sebastian_Bach_-_Double_Violin_Concerto_in_D_minor,_BWV_1043,_First_Movement__Vivace\'', 2, 1),
(70, 'Johann_Sebastian_Bach_-_The_Art_of_Fugue,_BWV_1080,_Contrapunctus_9__Interval_of_Twelfth', '\'D:\\Belgium Campus\\2018\\3rd Year Project\\Genres\\classic\\Johann_Sebastian_Bach_-_The_Art_of_Fugue,_BWV_1080,_Contrapunctus_9__Interval_of_Twelfth\'', 2, 2),
(71, 'Johann_Sebastian_Bach_-_Well-Tempered_Clavier_Book_1_Fugue_13', '\'D:\\Belgium Campus\\2018\\3rd Year Project\\Genres\\classic\\Tempered_Clavier_Book_1_Fugue_13\'', 2, 4),
(72, 'John_Murphy_-_', '\'D:\\Belgium Campus\\2018\\3rd Year Project\\Genres\\classic\\John_Murphy_-_\'', 2, 3),
(73, 'Kaito_-_Cantarella', '\'D:\\Belgium Campus\\2018\\3rd Year Project\\Genres\\classic\\Kaito_-_Cantarella', 2, 7),
(74, 'Karuro_-_MySong3', '\'D:\\Belgium Campus\\2018\\3rd Year Project\\Genres\\classic\\Karuro_-_MySong3\'', 2, 3),
(75, 'kemal_malovcic_-_', '\'D:\\Belgium Campus\\2018\\3rd Year Project\\Genres\\classic\\kemal_malovcic_-_\'', 2, 3),
(76, 'kenneth_-_Project2-2-2', '\'D:\\Belgium Campus\\2018\\3rd Year Project\\Genres\\classic\\kenneth_-_Project2-2-2\'', 2, 7),
(77, 'K-On!!_-_lyntor', '\'D:\\Belgium Campus\\2018\\3rd Year Project\\Genres\\classic\\K-On!!_-_lyntor', 2, 4),
(78, 'Kona_-_Drumloop', '\'D:\\Belgium Campus\\2018\\3rd Year Project\\Genres\\classic\\Kona_-_Drumloop\'', 2, 1),
(79, 'Linkin_Park_-_', '\'D:\\Belgium Campus\\2018\\3rd Year Project\\Genres\\classic\\Linkin_Park_-_\'', 2, 5),
(80, 'Liszt_-_Etudes_dexecution_transcendante_d\'apres_paganini_n._3_andreibryan', '\'D:\\Belgium Campus\\2018\\3rd Year Project\\Genres\\classic\\Liszt_-_Etudes_dexecution_transcendante_d\'apres_paganini_n._3_andreibryan\'', 2, 6),
(81, 'lol_-_lol', '\'D:\\Belgium Campus\\2018\\3rd Year Project\\Genres\\classic\\lol_-_lol\'', 2, 2),
(82, 'Ludwig_van_Beethoven_-_Symphony_No.5_Mvt.1__Fate_', '\'D:\\Belgium Campus\\2018\\3rd Year Project\\Genres\\classic\\Ludwig_van_Beethoven_-_Symphony_No.5_Mvt.1__Fate_\'', 2, 4),
(83, 'M.Younus_-_Maa_(tare_zameen_par)', '\'D:\\Belgium Campus\\2018\\3rd Year Project\\Genres\\classic\\M.Younus_-_Maa_(tare_zameen_par)\'', 2, 1),
(84, 'Madonna_-_Live_To_Tell', '\'D:\\Belgium Campus\\2018\\3rd Year Project\\Genres\\classic\\Madonna_-_Live_To_Tell\'', 2, 2),
(85, 'Mahler_Gustav_-_Symphony__2_(Tenor)', '\'D:\\Belgium Campus\\2018\\3rd Year Project\\Genres\\classic\\Mahler_Gustav_-_Symphony__2_(Tenor)\'', 2, 4),
(86, 'Mahler_Gustav_-_Symphony__2_(Tenor2)', '\'D:\\Belgium Campus\\2018\\3rd Year Project\\Genres\\classic\\Mahler_Gustav_-_Symphony__2_(Tenor2)\'', 2, 2),
(87, 'Manhattans_-_Farai_Vencut', '\'D:\\Belgium Campus\\2018\\3rd Year Project\\Genres\\classic\\Manhattans_-_Farai_Vencut\'', 2, 1),
(88, 'Mason_Williams_-_Classical_Gas', '\'D:\\Belgium Campus\\2018\\3rd Year Project\\Genres\\classic\\Mason_Williams_-_Classical_Gas\'', 2, 4),
(89, 'matt_-_stopandshopblues', '\'D:\\Belgium Campus\\2018\\3rd Year Project\\Genres\\classic\\matt_-_stopandshopblues\'', 2, 7),
(90, 'me__-_', '\'D:\\Belgium Campus\\2018\\3rd Year Project\\Genres\\classic\\me__-_\'', 2, 1),
(91, 'me__-_Jadon_Piano_Thingy.', '\'D:\\Belgium Campus\\2018\\3rd Year Project\\Genres\\classic\\me__-_Jadon_Piano_Thingy.\'', 2, 6),
(92, 'me__-_test', '\'D:\\Belgium Campus\\2018\\3rd Year Project\\Genres\\classic\\me__-_test\'', 2, 5),
(93, 'michael_giacchino_arr_for_brass_band_by_Neo_Tintin_-_Star_Trek_XI_Theme_Enterprising_Yong_Men', '\'D:\\Belgium Campus\\2018\\3rd Year Project\\Genres\\classic\\michael_giacchino_arr_for_brass_band_by_Neo_Tintin_-_Star_Trek_XI_Theme_Enterprising_Yong_Men\'', 2, 4),
(94, 'mm_-_mm', '\'D:\\Belgium Campus\\2018\\3rd Year Project\\Genres\\classic\\mm_-_mm', 2, 1),
(95, 'Moab_Berckmans_de_Oliveira_-_', '\'D:\\Belgium Campus\\2018\\3rd Year Project\\Genres\\classic\\Moab_Berckmans_de_Oliveira_-_', 2, 3),
(96, 'Moab_Berckmans_de_Oliveira_-_CMM001', '\'D:\\Belgium Campus\\2018\\3rd Year Project\\Genres\\classic\\Moab_Berckmans_de_Oliveira_-_CMM001\'', 2, 1),
(97, 'Moab_Berckmans_de_Oliveira_-_CMM003', '\'D:\\Belgium Campus\\2018\\3rd Year Project\\Genres\\classic\\Moab_Berckmans_de_Oliveira_-_CMM003\'', 2, 6),
(98, 'Moab_Berckmans_de_Oliveira_-_CMM004', '\'D:\\Belgium Campus\\2018\\3rd Year Project\\Genres\\classic\\Moab_Berckmans_de_Oliveira_-_CMM004\'', 2, 7),
(99, 'Moab_Berckmans_de_Oliveira_-_CMM005', '\'D:\\Belgium Campus\\2018\\3rd Year Project\\Genres\\classic\\Moab_Berckmans_de_Oliveira_-_CMM005\'', 2, 1),
(100, 'Moab_Berckmans_de_Oliveira_-_Ignorados', '\'D:\\Belgium Campus\\2018\\3rd Year Project\\Genres\\classic\\Moab_Berckmans_de_Oliveira_-_Ignorados\'', 2, 6),
(101, 'Moab_Berckmans_de_Oliveira_-_Moab_Berckmans_-_MBOM15', '\'D:\\Belgium Campus\\2018\\3rd Year Project\\Genres\\classic\\Moab_Berckmans_de_Oliveira_-_Moab_Berckmans_-_MBOM15\'', 2, 2),
(102, 'Moab_Berckmans_de_Oliveira_-_Moab_Berckmans_-_MPM091', '\'D:\\Belgium Campus\\2018\\3rd Year Project\\Genres\\classic\\Moab_Berckmans_de_Oliveira_-_Moab_Berckmans_-_MPM091\'', 2, 6),
(103, 'Moab_Berckmans_de_Oliveira_-_Moab_Berckmans_de_Oliveira_-_A_Dor_e_o_Amor', '\'D:\\Belgium Campus\\2018\\3rd Year Project\\Genres\\classic\\Moab_Berckmans_de_Oliveira_-_Moab_Berckmans_de_Oliveira_-_A_Dor_e_o_Amor\'', 2, 5),
(104, 'Moab_Berckmans_de_Oliveira_-_Moab_Berckmans_de_Oliveira_-_Amo-te', '\'D:\\Belgium Campus\\2018\\3rd Year Project\\Genres\\classic\\Berckmans_de_Oliveira_-_Amo-te\'', 2, 3),
(105, 'Moab_Berckmans_de_Oliveira_-_Moab_Berckmans_de_Oliveira_-_Brown_Earth', '\'D:\\Belgium Campus\\2018\\3rd Year Project\\Genres\\classic\\', 2, 5),
(106, 'Moab_Berckmans_de_Oliveira_-_Moab_Berckmans_de_Oliveira_-_Can_not_hear_my_soul', '\'D:\\Belgium Campus\\2018\\3rd Year Project\\Genres\\classic\\Moab_Berckmans_de_Oliveira_-_Moab_Berckmans_de_Oliveira_-_Can_not_hear_my_soul\'', 2, 1),
(107, 'Moab_Berckmans_de_Oliveira_-_Moab_Berckmans_de_Oliveira_-_Dance02', '\'D:\\Belgium Campus\\2018\\3rd Year Project\\Genres\\classic\\Moab_Berckmans_de_Oliveira_-_Moab_Berckmans_de_Oliveira_-_Dance02\'', 2, 2),
(108, 'Moab_Berckmans_de_Oliveira_-_Moab_Berckmans_de_Oliveira_-_Project', '\'D:\\Belgium Campus\\2018\\3rd Year Project\\Genres\\classic\\Moab_Berckmans_de_Oliveira_-_Moab_Berckmans_de_Oliveira_-_Project\'', 2, 5),
(109, 'Moab_Berckmans_de_Oliveira_-_Moab_Berckmans_de_Oliveira_-_Red_Earth', '\'D:\\Belgium Campus\\2018\\3rd Year Project\\Genres\\classic\\Moab_Berckmans_de_Oliveira_-_Moab_Berckmans_de_Oliveira_-_Red_Earth', 2, 4),
(110, 'Moab_Berckmans_de_Oliveira_-_Moab_Berckmans_de_Oliveira_-_White_Earth', '\'D:\\Belgium Campus\\2018\\3rd Year Project\\Genres\\classic\\Moab_Berckmans_de_Oliveira_-_Moab_Berckmans_de_Oliveira_-_White_Earth', 2, 1),
(111, 'mony_-_mony', '\'D:\\Belgium Campus\\2018\\3rd Year Project\\Genres\\classic\\mony_-_mony\'', 2, 2),
(112, 'mozart_-_Turkish_March_in_Bb', '\'D:\\Belgium Campus\\2018\\3rd Year Project\\Genres\\classic\\mozart_-_Turkish_March_in_Bb\'', 2, 3),
(113, 'mozart_-_Turkish_March_in_Eb', '\'D:\\Belgium Campus\\2018\\3rd Year Project\\Genres\\classic\\mozart_-_Turkish_March_in_Eb\'', 2, 5),
(114, 'Mozart_Remix_-_Eine_Kleine_Nachtmusik_remix', '\'D:\\Belgium Campus\\2018\\3rd Year Project\\Genres\\classic\\Mozart_Remix_-_Eine_Kleine_Nachtmusik_remix\'', 2, 4),
(115, 'Mozart_Wolfgang_Amadeus_-_Ave_Verum_Corpus_(string_quintet)', '\'D:\\Belgium Campus\\2018\\3rd Year Project\\Genres\\classic\\Mozart_Wolfgang_Amadeus_-_Ave_Verum_Corpus_(string_quintet)\'', 2, 7),
(116, 'Mozart_Wolfgang_Amadeus_-_Mozart_Symphony_No._31_KV_297_Paris_D_major', '\'D:\\Belgium Campus\\2018\\3rd Year Project\\Genres\\classic\\Mozart_Wolfgang_Amadeus_-_Mozart_Symphony_No._31_KV_297_Paris_D_major\'', 2, 6),
(117, 'Mozart_Wolfgang_Amadeus_-_Mozart_Wolfgang_Amadeus_-_Ave__Verum_Corpus_(strings_quintet)', '\'D:\\Belgium Campus\\2018\\3rd Year Project\\Genres\\classic\\Mozart_Wolfgang_Amadeus_-_Mozart_Wolfgang_Amadeus_-_Ave__Verum_Corpus_(strings_quintet)\'', 2, 6),
(118, 'Navid_Jamali_-_Aziz_Jun', '\'D:\\Belgium Campus\\2018\\3rd Year Project\\Genres\\classic\\Navid_Jamali_-_Aziz_Jun\'', 2, 4),
(119, 'Nicolas_Drweski_-_Bach_post_modern', '\'D:\\Belgium Campus\\2018\\3rd Year Project\\Genres\\classic\\Nicolas_Drweski_-_Bach_post_modern\'', 2, 1),
(120, 'Nicolas_Drweski_-_Fugue_orgue', '\'D:\\Belgium Campus\\2018\\3rd Year Project\\Genres\\classic\\Nicolas_Drweski_-_Fugue_orgue\'', 2, 5),
(121, 'No_idea_-_Dance_song', '\'D:\\Belgium Campus\\2018\\3rd Year Project\\Genres\\classic\\\'D:\\Belgium Campus\\2018\\3rd Year Project\\Genres\\classic\\\'', 2, 4),
(122, 'one_direction_-_Diana', '\'D:\\Belgium Campus\\2018\\3rd Year Project\\Genres\\classic\\one_direction_-_Diana\'', 2, 7),
(123, 'one_direction_-_Home', '\'D:\\Belgium Campus\\2018\\3rd Year Project\\Genres\\classic\\one_direction_-_Home\'', 2, 2),
(124, 'One_Republic_-_Counting_Stars_(One_Republic)', '\'D:\\Belgium Campus\\2018\\3rd Year Project\\Genres\\classic\\One_Republic_-_Counting_Stars_(One_Republic)\'', 2, 7),
(125, 'Ong_Cmu_-_Lampang,Thailand_2013_-_TheYellowRiverPianoConcerto,1-Prelude-BoatMen', '\'D:\\Belgium Campus\\2018\\3rd Year Project\\Genres\\classic\\Ong_Cmu_-_Lampang,Thailand_2013_-_TheYellowRiverPianoConcerto,1-Prelude-BoatMen\'', 2, 4),
(126, 'Ong_Cmu_-_Lampang,Thailand_2013_-_TheYellowRiverPianoConcerto,2-OdeToTheYellowRiver', '\'D:\\Belgium Campus\\2018\\3rd Year Project\\Genres\\classic\\Ong_Cmu_-_Lampang,Thailand_2013_-_TheYellowRiverPianoConcerto,2-OdeToTheYellowRiver\'', 2, 3),
(127, 'Ong_Cmu_-_Lampang,Thailand_2013_-_TheYellowRiverPianoConcerto,4-DefendTheYellowRiver', '\'D:\\Belgium Campus\\2018\\3rd Year Project\\Genres\\classic\\Ong_Cmu_-_Lampang,Thailand_2013_-_TheYellowRiverPianoConcerto,4-DefendTheYellowRiver\'', 2, 1),
(128, 'Ong_Cmu_-_Wedding-Maria', '\'D:\\Belgium Campus\\2018\\3rd Year Project\\Genres\\classic\\Ong_Cmu_-_Wedding-Maria\'', 2, 3),
(129, 'Paul_Carter_-_Bethel', '\'D:\\Belgium Campus\\2018\\3rd Year Project\\Genres\\classic\\Paul_Carter_-_Bethel\'', 2, 1),
(130, 'PCXP_-_', '\'D:\\Belgium Campus\\2018\\3rd Year Project\\Genres\\classic\\PCXP_-_\'', 2, 1),
(131, 'PCXP_-_DJ_TAUCHER', '\'D:\\Belgium Campus\\2018\\3rd Year Project\\Genres\\classic\\PCXP_-_DJ_TAUCHER\'', 2, 2),
(132, 'PCXP_-_MOONLITE', '\'D:\\Belgium Campus\\2018\\3rd Year Project\\Genres\\classic\\PCXP_-_MOONLITE\'', 2, 7),
(133, 'Purcell_Henry_-_funeral_of_queen_mary', '\'D:\\Belgium Campus\\2018\\3rd Year Project\\Genres\\classic\\Purcell_Henry_-_funeral_of_queen_mary\'', 2, 1),
(134, 'Robert_Schumann_-_Traumerei_(string_quintet)', '\'D:\\Belgium Campus\\2018\\3rd Year Project\\Genres\\classic\\Robert_Schumann_-_Traumerei_(string_quintet)\'', 2, 3),
(135, 'salai_sivasigaran_-_the_love-by_salai', '\'D:\\Belgium Campus\\2018\\3rd Year Project\\Genres\\classic\\salai_sivasigaran_-_the_love-by_salai\'', 2, 4),
(136, 'Samuel_A._Ward_-_America_the_Beautiful', '\'D:\\Belgium Campus\\2018\\3rd Year Project\\Genres\\classic\\Samuel_A._Ward_-_America_the_Beautiful\'', 2, 6),
(137, 'Schubert_Franz_Peter_-_Schubert_-_Impromptu_op._142_no._1_in_F_Minor', '\'D:\\Belgium Campus\\2018\\3rd Year Project\\Genres\\classic\\Schubert_Franz_Peter_-_Schubert_-_Impromptu_op._142_no._1_in_F_Minor\'', 2, 1),
(138, 'scott_joplin_-_Maple_Leaf_Rag', '\'D:\\Belgium Campus\\2018\\3rd Year Project\\Genres\\classic\\scott_joplin_-_Maple_Leaf_Rag\\', 2, 2),
(139, 'Shadow6nothing9_-_Descent_into_Madness', '\'D:\\Belgium Campus\\2018\\3rd Year Project\\Genres\\classic\\Shadow6nothing9_-_Descent_into_Madness\'', 2, 1),
(140, 'shakira_-_yousifbh', '\'D:\\Belgium Campus\\2018\\3rd Year Project\\Genres\\classic\\shakira_-_yousifbh\'', 2, 7),
(141, 'Shirley_Bassey_jj_-_DIAMONDS_ARE_FOREVER_jiji', '\'D:\\Belgium Campus\\2018\\3rd Year Project\\Genres\\classic\\Shirley_Bassey_jj_-_DIAMONDS_ARE_FOREVER_jiji\'', 2, 2),
(142, 'Slamet_-_Alamat_Palsu_-_Ayu_Ting_Ting', '\'D:\\Belgium Campus\\2018\\3rd Year Project\\Genres\\classic\\Slamet_-_Alamat_Palsu_-_Ayu_Ting_Ting\'', 2, 2),
(143, 'Sliced_Bread_-_', '\'D:\\Belgium Campus\\2018\\3rd Year Project\\Genres\\classic\\Sliced_Bread_-_\'', 2, 2),
(144, 'Spirited_Away_-_Road_to_Somewhere', '\'D:\\Belgium Campus\\2018\\3rd Year Project\\Genres\\classic\\Spirited_Away_-_Road_to_Somewhere\'', 2, 3),
(145, 'Stravinsky_Igor_-_Stravinsky_-_rite_of_spring_1', '\'D:\\Belgium Campus\\2018\\3rd Year Project\\Genres\\classic\\Stravinsky_Igor_-_Stravinsky_-_rite_of_spring_1\'', 2, 2),
(146, 'teamdeesan.com_-_Matisyahu_One_Day_Right_Hand_', '\'D:\\Belgium Campus\\2018\\3rd Year Project\\Genres\\classic\\teamdeesan.com_-_Matisyahu_One_Day_Right_Hand_\'', 2, 2),
(147, 'The_Singer_Among_Orators_-_Drowning_in_the_Lake', '\'D:\\Belgium Campus\\2018\\3rd Year Project\\Genres\\classic\\The_Singer_Among_Orators_-_Drowning_in_the_Lake\'', 2, 1),
(148, 'Theodore_Oesten_-_Doll\'s_Dream_in_E_flat', '\'D:\\Belgium Campus\\2018\\3rd Year Project\\Genres\\classic\\Theodore_Oesten_-_Doll\'s_Dream_in_E_flat\'', 2, 1),
(149, 'Thom_-_ThomNew1', '\'D:\\Belgium Campus\\2018\\3rd Year Project\\Genres\\classic\\Thom_-_ThomNew1\'', 2, 4),
(150, 'tom_odell_-_', '\'D:\\Belgium Campus\\2018\\3rd Year Project\\Genres\\classic\\tom_odell_-_\'', 2, 7),
(151, 'Toshan_sahu_-_Toshan', '\'D:\\Belgium Campus\\2018\\3rd Year Project\\Genres\\classic\\Toshan_sahu_-_Toshan\'', 2, 2),
(152, 'Traditional_-_Amazing_Grace', '\'D:\\Belgium Campus\\2018\\3rd Year Project\\Genres\\classic\\Traditional_-_Amazing_Grace\'', 2, 7),
(153, 'Traditional_-_Ding_Dong_Bell', '\'D:\\Belgium Campus\\2018\\3rd Year Project\\Genres\\classic\\Traditional_-_Ding_Dong_Bell\'', 2, 4),
(154, 'Traditional_-_Five_little_Monkeys', '\'D:\\Belgium Campus\\2018\\3rd Year Project\\Genres\\classic\\Traditional_-_Five_little_Monkeys\'', 2, 2),
(155, 'Traditional_-_Humpty_Dumpty', '\'D:\\Belgium Campus\\2018\\3rd Year Project\\Genres\\classic\\Traditional_-_Humpty_Dumpty\'', 2, 8),
(156, 'Traditional_-_Jack_And_Jill', '\'D:\\Belgium Campus\\2018\\3rd Year Project\\Genres\\classic\\Traditional_-_Jack_And_Jill\'', 2, 2),
(157, 'Traditional_-_London_Bridge', '\'D:\\Belgium Campus\\2018\\3rd Year Project\\Genres\\classic\\Traditional_-_London_Bridge\'', 2, 7),
(158, 'Traditional_-_Oh_Susanna', '\'D:\\Belgium Campus\\2018\\3rd Year Project\\Genres\\classic\\Traditional_-_Oh_Susanna\'', 2, 3),
(159, 'Traditional_-_Old_King_Cole', '\'D:\\Belgium Campus\\2018\\3rd Year Project\\Genres\\classic\\Traditional_-_Old_King_Cole\'', 2, 3),
(160, 'Traditional_-_Shoo_Fly_Don\'t_Bother_Me', '\'D:\\Belgium Campus\\2018\\3rd Year Project\\Genres\\classic\\Traditional_-_Shoo_Fly_Don\'t_Bother_Me\'', 2, 4),
(161, 'Traditional_-_The_Hokey_Cokey', '\'D:\\Belgium Campus\\2018\\3rd Year Project\\Genres\\classic\\Traditional_-_The_Hokey_Cokey\'', 2, 9),
(162, 'Traditional_-_Turkey_In_The_Straw', '\'D:\\Belgium Campus\\2018\\3rd Year Project\\Genres\\classic\\Traditional_-_Turkey_In_The_Straw\'', 2, 8),
(163, 'Tyrian_Mumford_-_Untitled', '\'D:\\Belgium Campus\\2018\\3rd Year Project\\Genres\\classic\\Tyrian_Mumford_-_Untitled\'', 2, 1),
(164, 'un_debut_au_piano_-_my_first_composition', '\'D:\\Belgium Campus\\2018\\3rd Year Project\\Genres\\classic\\un_debut_au_piano_-_my_first_composition\'', 2, 8),
(165, 'unknown_(do_you_know_him_)_-_Kyrie_Eleison', '\'D:\\Belgium Campus\\2018\\3rd Year Project\\Genres\\classic\\unknown_(do_you_know_him_)_-_Kyrie_Eleison\'', 2, 3),
(166, 'unknown_(do_you_know_him_)_-_Theme_from_Scotland_', '\'D:\\Belgium Campus\\2018\\3rd Year Project\\Genres\\classic\\unknown_(do_you_know_him_)_-_Theme_from_Scotland_\'', 2, 9),
(167, 'Unknown_-_', '\'D:\\Belgium Campus\\2018\\3rd Year Project\\Genres\\classic\\Unknown_-_\'', 2, 2),
(168, 'Unknown_-_pokemon', '\'D:\\Belgium Campus\\2018\\3rd Year Project\\Genres\\classic\\Unknown_-_pokemon\'', 2, 9),
(169, 'Unknown_Artist_-_Rondo_in_Eb_Major', '\'D:\\Belgium Campus\\2018\\3rd Year Project\\Genres\\classic\\Unknown_Artist_-_Rondo_in_Eb_Major\'', 2, 4),
(170, 'Unkown_-_AMADO_MIO_-_JUN_POTOT', '\'D:\\Belgium Campus\\2018\\3rd Year Project\\Genres\\classic\\Unkown_-_AMADO_MIO_-_JUN_POTOT\'', 2, 5),
(171, 'Valtsu_-_188s', '\'D:\\Belgium Campus\\2018\\3rd Year Project\\Genres\\classic\\Valtsu_-_188s\'', 2, 1),
(172, 'Vangelis_-_Memories_of_green', '\'D:\\Belgium Campus\\2018\\3rd Year Project\\Genres\\classic\\Vangelis_-_Memories_of_green\'', 2, 3),
(173, 'Verlag_Heinz_Heise_-_Input64', '\'D:\\Belgium Campus\\2018\\3rd Year Project\\Genres\\classic\\Verlag_Heinz_Heise_-_Input64\'', 2, 7),
(174, 'voglio_lei_-_voglio_lei', '\'D:\\Belgium Campus\\2018\\3rd Year Project\\Genres\\classic\\voglio_lei_-_voglio_lei\'', 2, 8),
(175, 'Wells_-_Brief_Sorrow', '\'D:\\Belgium Campus\\2018\\3rd Year Project\\Genres\\classic\\Wells_-_Brief_Sorrow\'', 2, 1),
(176, 'Xian_Xinghai_midi-sq-by_Ong_Cmu_-_The_Yellow_River_Piano_Concerto_act-1', '\'D:\\Belgium Campus\\2018\\3rd Year Project\\Genres\\classic\\Xian_Xinghai_midi-sq-by_Ong_Cmu_-_The_Yellow_River_Piano_Concerto_act-1\'', 2, 8),
(177, 'Xian_Xinghai_midi-sq-by_Ong_Cmu_-_The_Yellow_River_Piano_Concerto_act-2', '\'D:\\Belgium Campus\\2018\\3rd Year Project\\Genres\\classic\\Xian_Xinghai_midi-sq-by_Ong_Cmu_-_The_Yellow_River_Piano_Concerto_act-2\'', 2, 7),
(178, 'Xian_Xinghai_midi-sq-by_Ong_Cmu_-_The_Yellow_River_Piano_Concerto_act-3', '\'D:\\Belgium Campus\\2018\\3rd Year Project\\Genres\\classic\\Xian_Xinghai_midi-sq-by_Ong_Cmu_-_The_Yellow_River_Piano_Concerto_act-3\'', 2, 2),
(179, 'Xian_Xinghai_midi-sq-by_Ong_Cmu_-_The_Yellow_River_Piano_Concerto_act-4', '\'D:\\Belgium Campus\\2018\\3rd Year Project\\Genres\\classic\\Xian_Xinghai_midi-sq-by_Ong_Cmu_-_The_Yellow_River_Piano_Concerto_act-4\'', 2, 8),
(180, 'Yegitu_-_Friend_or_Fiend', '\'D:\\Belgium Campus\\2018\\3rd Year Project\\Genres\\classic\\Yegitu_-_Friend_or_Fiend\'', 2, 7),
(181, '2_Unlimited_-_Get_Ready_for_This', '\'D:\\Belgium Campus\\2018\\3rd Year Project\\Genres\\dance\\2_Unlimited_-_Get_Ready_for_This\'', 2, 3),
(182, '2_Unlimited_-_Let_the_Beat_Control_Your_Body', '\'D:\\Belgium Campus\\2018\\3rd Year Project\\Genres\\dance\\2_Unlimited_-_Let_the_Beat_Control_Your_Body\'', 3, 4),
(183, '2_Unlimited_-_No_Limits', 'D:\\Belgium Campus\\2018\\3rd Year Project\\Genres\\dance\\2_Unlimited_-_No_Limits\'', 3, 6),
(184, '2_Unlimited_-_Tribal_Dance', 'D:\\Belgium Campus\\2018\\3rd Year Project\\Genres\\dance\\2_Unlimited_-_Tribal_Dance\'', 3, 2),
(185, '2_Unlimited_-_Twilight_Zone', '\'D:\\Belgium Campus\\2018\\3rd Year Project\\Genres\\dance\\2_Unlimited_-_Twilight_Zone\'', 3, 3),
(186, 'A_Taste_of_Honey_-_Boogie_Oogie_Oogie', '\'D:\\Belgium Campus\\2018\\3rd Year Project\\Genres\\dance\\A_Taste_of_Honey_-_Boogie_Oogie_Oogie\'', 3, 2),
(187, 'Alice_Deejay_-_Better_Off_Alone', '\'D:\\Belgium Campus\\2018\\3rd Year Project\\Genres\\dance\\Alice_Deejay_-_Better_Off_Alone\'', 3, 1),
(188, 'Amber_-_Your_Night', '\'D:\\Belgium Campus\\2018\\3rd Year Project\\Genres\\dance\\Amber_-_Your_Night\'', 3, 4),
(189, 'Average_White_Band_-_Cut_the_Cake', '\'D:\\Belgium Campus\\2018\\3rd Year Project\\Genres\\dance\\Average_White_Band_-_Cut_the_Cake\'', 3, 8),
(190, 'Average_White_Band_-_Pick_Up_the_Pieces', '\'D:\\Belgium Campus\\2018\\3rd Year Project\\Genres\\dance\\Average_White_Band_-_Pick_Up_the_Pieces\'', 3, 1),
(191, 'Barry_White_-_Can\'t_Get_Enough_of_Your_Love', '\'D:\\Belgium Campus\\2018\\3rd Year Project\\Genres\\dance\\Barry_White_-_Can\'t_Get_Enough_of_Your_Love\'', 3, 4),
(192, 'Boney_M_-_Pop_Muzik', '\'D:\\Belgium Campus\\2018\\3rd Year Project\\Genres\\dance\\Boney_M_-_Pop_Muzik\'', 3, 2),
(193, 'C+C_Dance_Factory_-_Gonna\'_Make_You_Sweat', '\'D:\\Belgium Campus\\2018\\3rd Year Project\\Genres\\dance\\C+C_Dance_Factory_-_Gonna\'_Make_You_Sweat\'', 3, 4),
(194, 'Chemical_Brothers_-_Loops_of_Fury', '\'D:\\Belgium Campus\\2018\\3rd Year Project\\Genres\\dance\\Chemical_Brothers_-_Loops_of_Fury\'', 3, 7),
(195, 'Chic_-_Good_Times', '\'D:\\Belgium Campus\\2018\\3rd Year Project\\Genres\\dance\\Chic_-_Good_Times\'', 3, 2),
(196, 'Chic_-_Le_Freak', '\'D:\\Belgium Campus\\2018\\3rd Year Project\\Genres\\dance\\Chic_-_Le_Freak\'', 3, 6),
(197, 'Darude_-_Sandstorm', '\'D:\\Belgium Campus\\2018\\3rd Year Project\\Genres\\dance\\Darude_-_Sandstorm\'', 3, 1),
(198, 'Deniece_Williams_-_Let\'s_Hear_it_for_the_Boy', '\'D:\\Belgium Campus\\2018\\3rd Year Project\\Genres\\dance\\Deniece_Williams_-_Let\'s_Hear_it_for_the_Boy\'', 3, 8),
(199, 'Depeche_Mode_-_Enjoy_the_Silence', '\'D:\\Belgium Campus\\2018\\3rd Year Project\\Genres\\dance\\Depeche_Mode_-_Enjoy_the_Silence\'', 3, 3),
(200, 'Depeche_Mode_-_Everything_Counts', '\'D:\\Belgium Campus\\2018\\3rd Year Project\\Genres\\dance\\Depeche_Mode_-_Everything_Counts\'', 3, 6),
(201, 'Depeche_Mode_-_Master_and_Servant', '\'D:\\Belgium Campus\\2018\\3rd Year Project\\Genres\\dance\\Depeche_Mode_-_Master_and_Servant\'', 3, 9),
(202, 'Depeche_Mode_-_People_Are_People', '\'D:\\Belgium Campus\\2018\\3rd Year Project\\Genres\\dance\\Depeche_Mode_-_People_Are_People\'', 3, 9),
(203, 'DJ_Bobo_-_All_Around', '\'D:\\Belgium Campus\\2018\\3rd Year Project\\Genres\\dance\\DJ_Bobo_-_All_Around\'', 3, 7),
(204, 'Donna_Summer_-_Bad_Girls', '\'D:\\Belgium Campus\\2018\\3rd Year Project\\Genres\\dance\\Donna_Summer_-_Bad_Girls\'', 3, 1),
(205, 'Donna_Summer_-_Hot_Stuff', '\'D:\\Belgium Campus\\2018\\3rd Year Project\\Genres\\dance\\Donna_Summer_-_Hot_Stuff\'', 3, 4),
(206, 'Donna_Summer_-_I_Feel_Love', '\'D:\\Belgium Campus\\2018\\3rd Year Project\\Genres\\dance\\Donna_Summer_-_I_Feel_Love\'', 3, 4),
(207, 'Donna_Summer_-_Last_Dance', '\'D:\\Belgium Campus\\2018\\3rd Year Project\\Genres\\dance\\Donna_Summer_-_Last_Dance\'', 3, 1),
(208, 'Donna_Summer_-_McArthur_Park', '\'D:\\Belgium Campus\\2018\\3rd Year Project\\Genres\\dance\\Donna_Summer_-_McArthur_Park\'', 3, 7),
(209, 'Enya_-_Bard_Dance', '\'D:\\Belgium Campus\\2018\\3rd Year Project\\Genres\\dance\\Enya_-_Bard_Dance\'', 3, 6),
(210, 'Frank_Mills_-_Musicbox_Dancer', '\'D:\\Belgium Campus\\2018\\3rd Year Project\\Genres\\dance\\Frank_Mills_-_Musicbox_Dancer\'', 3, 8),
(211, 'Genesis_-_Dance_on_a_Volcano', '\'D:\\Belgium Campus\\2018\\3rd Year Project\\Genres\\dance\\Genesis_-_Dance_on_a_Volcano\'', 3, 1),
(212, 'Genesis_-_I_Cant_Dance', '\'D:\\Belgium Campus\\2018\\3rd Year Project\\Genres\\dance\\Genesis_-_I_Cant_Dance\'', 3, 6),
(213, 'Hooters_-_And_We_Danced', '\'D:\\Belgium Campus\\2018\\3rd Year Project\\Genres\\dance\\Hooters_-_And_We_Danced\'', 3, 4),
(214, 'Loggins_and_Messina_-_Your_Mama_Don\'t_Dance', '\'D:\\Belgium Campus\\2018\\3rd Year Project\\Genres\\dance\\Loggins_and_Messina_-_Your_Mama_Don\'t_Dance\'', 3, 5),
(215, 'Sly_and_the_Family_Stone_-_Dance_to_the_Music', '\'D:\\Belgium Campus\\2018\\3rd Year Project\\Genres\\dance\\Sly_and_the_Family_Stone_-_Dance_to_the_Music\'', 3, 8),
(216, 'Snap_-_Rhythm_is_a_Dancer', '\'D:\\Belgium Campus\\2018\\3rd Year Project\\Genres\\dance\\Snap_-_Rhythm_is_a_Dancer\'', 3, 7),
(217, 'The_Drifters_-_Save_the_Last_Dance_for_Me', '\'D:\\Belgium Campus\\2018\\3rd Year Project\\Genres\\dance\\The_Drifters_-_Save_the_Last_Dance_for_Me\'', 3, 7),
(218, 'Tina_Turner_-_Private_Dancer', '\'D:\\Belgium Campus\\2018\\3rd Year Project\\Genres\\dance\\Tina_Turner_-_Private_Dancer\'', 3, 2),
(219, 'Van_Morrison_-_Moondance', '\'D:\\Belgium Campus\\2018\\3rd Year Project\\Genres\\dance\\Van_Morrison_-_Moondance\'', 3, 2),
(220, 'Wang_Chung_-_Dance_Hall_Days', '\'D:\\Belgium Campus\\2018\\3rd Year Project\\Genres\\dance\\Wang_Chung_-_Dance_Hall_Days\'', 3, 8),
(221, 'Whitney_Houston_-_I_Wanna_Dance', '\'D:\\Belgium Campus\\2018\\3rd Year Project\\Genres\\dance\\Whitney_Houston_-_I_Wanna_Dance\'', 3, 2),
(222, 'Wilson_Pickett_-_Land_of_a_1000_Dances', '\'D:\\Belgium Campus\\2018\\3rd Year Project\\Genres\\dance\\Wilson_Pickett_-_Land_of_a_1000_Dances\'', 3, 6),
(223, '5ive_-_Dont_Wanna_Let_You_Go', '\'D:\\Belgium Campus\\2018\\3rd Year Project\\Genres\\pop\\5ive_-_Dont_Wanna_Let_You_Go\'', 4, 1),
(224, '5ive_-_If_Ya_Gettin_Down', '\'D:\\Belgium Campus\\2018\\3rd Year Project\\Genres\\pop\\5ive_-_If_Ya_Gettin_Down\'', 4, 2),
(225, '5ive_-_Keep_On_Moving', '\'D:\\Belgium Campus\\2018\\3rd Year Project\\Genres\\pop\\5ive_-_Keep_On_Moving\'', 4, 3),
(226, '5ive_-_Slam_Dunk_Da_Funk', '\'D:\\Belgium Campus\\2018\\3rd Year Project\\Genres\\pop\\5ive_-_Slam_Dunk_Da_Funk\'', 4, 9),
(227, '5ive_-_You_Got_The_Feelin', '\'D:\\Belgium Campus\\2018\\3rd Year Project\\Genres\\pop\\5ive_-_You_Got_The_Feelin\'', 4, 2),
(228, '98_Degrees_-_I_Do_Cherish_You', '\'D:\\Belgium Campus\\2018\\3rd Year Project\\Genres\\pop\\98_Degrees_-_I_Do_Cherish_You\'', 4, 4),
(229, '98_Degrees_-_The_Hardest_Thing', '\'D:\\Belgium Campus\\2018\\3rd Year Project\\Genres\\pop\\98_Degrees_-_The_Hardest_Thing\'', 4, 1),
(230, '702_-_Where_My_Girls_At', '\'D:\\Belgium Campus\\2018\\3rd Year Project\\Genres\\pop\\702_-_Where_My_Girls_At\'', 4, 5),
(231, 'Aaliyah_-_Are_You_That_Somebody', '\'D:\\Belgium Campus\\2018\\3rd Year Project\\Genres\\pop\\Aaliyah_-_Are_You_That_Somebody\'', 4, 8),
(232, 'Aaliyah_-_Try_Again', '\'D:\\Belgium Campus\\2018\\3rd Year Project\\Genres\\pop\\Aaliyah_-_Try_Again\'', 4, 2),
(233, 'ABBA_-_Alaska', '\'D:\\Belgium Campus\\2018\\3rd Year Project\\Genres\\pop\\ABBA_-_Alaska\'', 4, 8),
(234, 'ABBA_-_Chiquita', '\'D:\\Belgium Campus\\2018\\3rd Year Project\\Genres\\pop\\ABBA_-_Chiquita\'', 4, 7),
(235, 'ABBA_-_Dancing_Queen', '\'D:\\Belgium Campus\\2018\\3rd Year Project\\Genres\\pop\\\'', 4, 2),
(236, 'ABBA_-_Fernando', '\'D:\\Belgium Campus\\2018\\3rd Year Project\\Genres\\pop\\ABBA_-_Fernando\'', 4, 7),
(237, 'ABBA_-_Gimme_Gimme_Gimme', '\'D:\\Belgium Campus\\2018\\3rd Year Project\\Genres\\pop\\ABBA_-_Gimme_Gimme_Gimme\'', 4, 5),
(238, 'ABBA_-_Knowing_Me_Knowing_You', '\'D:\\Belgium Campus\\2018\\3rd Year Project\\Genres\\pop\\ABBA_-_Knowing_Me_Knowing_You\'', 4, 9),
(239, 'ABBA_-_Money_Money_Money', '\'D:\\Belgium Campus\\2018\\3rd Year Project\\Genres\\pop\\ABBA_-_Money_Money_Money\'', 4, 2),
(240, 'ABBA_-_Name_of_the_Game', '\'D:\\Belgium Campus\\2018\\3rd Year Project\\Genres\\pop\\ABBA_-_Name_of_the_Game\'', 4, 8),
(241, 'ABBA_-_SOS', '\'D:\\Belgium Campus\\2018\\3rd Year Project\\Genres\\pop\\ABBA_-_SOS\'', 4, 7),
(242, 'ABBA_-_Super_Trouper', '\'D:\\Belgium Campus\\2018\\3rd Year Project\\Genres\\pop\\ABBA_-_Super_Trouper\'', 4, 2),
(243, 'ABBA_-_Take_A_Chance_On_Me', '\'D:\\Belgium Campus\\2018\\3rd Year Project\\Genres\\pop\\ABBA_-_Take_A_Chance_On_Me\'', 4, 6),
(244, 'ABBA_-_Thank_You_for_the_Music', '\'D:\\Belgium Campus\\2018\\3rd Year Project\\Genres\\pop\\ABBA_-_Thank_You_for_the_Music\'', 4, 3),
(245, 'ABBA_-_The_Winner_Takes_It_All', '\'D:\\Belgium Campus\\2018\\3rd Year Project\\Genres\\pop\\ABBA_-_The_Winner_Takes_It_All\'', 4, 8),
(246, 'ABBA_-_Waterloo', '\'D:\\Belgium Campus\\2018\\3rd Year Project\\Genres\\pop\\ABBA_-_Waterloo\'', 4, 8),
(247, 'Ace_of_Base_-_All_That_She_Wants', '\'D:\\Belgium Campus\\2018\\3rd Year Project\\Genres\\pop\\Ace_of_Base_-_All_That_She_Wants\'', 4, 4),
(248, 'Ace_of_Base_-_Always_Have_Always_Will', '\'D:\\Belgium Campus\\2018\\3rd Year Project\\Genres\\pop\\Ace_of_Base_-_Always_Have_Always_Will\'', 4, 4),
(249, 'Ace_of_Base_-_Beautiful_Life', '\'D:\\Belgium Campus\\2018\\3rd Year Project\\Genres\\pop\\Ace_of_Base_-_Beautiful_Life\'', 4, 7),
(250, 'Ace_of_Base_-_Don\'t_Turn_Around', '\'D:\\Belgium Campus\\2018\\3rd Year Project\\Genres\\pop\\Ace_of_Base_-_Don\'t_Turn_Around\'', 4, 8),
(251, 'Ace_of_Base_-_The_Sign', '\'D:\\Belgium Campus\\2018\\3rd Year Project\\Genres\\pop\\Ace_of_Base_-_The_Sign\'', 4, 8),
(252, 'Alan_O_Day_-_Undercover_Angel', '\'D:\\Belgium Campus\\2018\\3rd Year Project\\Genres\\pop\\Alan_O_Day_-_Undercover_Angel\'', 4, 2),
(253, 'Alannah_Myles_-_Black_Velvet', '\'D:\\Belgium Campus\\2018\\3rd Year Project\\Genres\\pop\\Alannah_Myles_-_Black_Velvet\'', 4, 2),
(254, 'All_4_One_-_I_Swear', '\'D:\\Belgium Campus\\2018\\3rd Year Project\\Genres\\pop\\All_4_One_-_I_Swear\'', 4, 4),
(255, 'All_Saints_-_Bootie_Call', '\'D:\\Belgium Campus\\2018\\3rd Year Project\\Genres\\pop\\All_Saints_-_Bootie_Call\'', 4, 4),
(256, 'All_Saints_-_I_Know_Where_It\'s_At', '\'D:\\Belgium Campus\\2018\\3rd Year Project\\Genres\\pop\\All_Saints_-_I_Know_Where_It\'s_At\'', 4, 5),
(257, 'All_Saints_-_Lady_Marmelade', '\'D:\\Belgium Campus\\2018\\3rd Year Project\\Genres\\pop\\All_Saints_-_Lady_Marmelade\'', 4, 2),
(258, 'All_Saints_-_Never_Ever', '\'D:\\Belgium Campus\\2018\\3rd Year Project\\Genres\\pop\\All_Saints_-_Never_Ever\'', 4, 1),
(259, 'Allan_Sherman_-_Hello_Muddah,_Hello_Fadduh', '\'D:\\Belgium Campus\\2018\\3rd Year Project\\Genres\\pop\\Allan_Sherman_-_Hello_Muddah,_Hello_Fadduh\'', 4, 7),
(260, 'Allure_-_All_Cried_Out', '\'D:\\Belgium Campus\\2018\\3rd Year Project\\Genres\\pop\\Allure_-_All_Cried_Out\'', 4, 1),
(261, 'Andrew_Lloyd_Webber_-_Jesus_Christ_Superstar', '\'D:\\Belgium Campus\\2018\\3rd Year Project\\Genres\\pop\\Andrew_Lloyd_Webber_-_Jesus_Christ_Superstar\'', 4, 3),
(262, 'Andrew_Lloyd_Webber_-_Phantom_of_the_Opera', '\'D:\\Belgium Campus\\2018\\3rd Year Project\\Genres\\pop\\Andrew_Lloyd_Webber_-_Phantom_of_the_Opera\'', 4, 7),
(263, 'Anne_Murray_-_Snowbird', '\'D:\\Belgium Campus\\2018\\3rd Year Project\\Genres\\pop\\Anne_Murray_-_Snowbird\'', 4, 2),
(264, 'Anne_Murray_-_You_Needed_Me', '\'D:\\Belgium Campus\\2018\\3rd Year Project\\Genres\\pop\\Anne_Murray_-_You_Needed_Me\'', 4, 1),
(265, 'Another_Level_-_Freak_Me', '\'D:\\Belgium Campus\\2018\\3rd Year Project\\Genres\\pop\\Another_Level_-_Freak_Me\'', 4, 8),
(266, 'Another_Level_-_I_Want_You_For_Myself', '\'D:\\Belgium Campus\\2018\\3rd Year Project\\Genres\\pop\\Another_Level_-_I_Want_You_For_Myself\'', 4, 4),
(267, 'Aqua_-_Barbie_Girl', '\'D:\\Belgium Campus\\2018\\3rd Year Project\\Genres\\pop\\Aqua_-_Barbie_Girl\'', 4, 2),
(268, 'Aqua_-_Lollipop_Candy_Man', '\'D:\\Belgium Campus\\2018\\3rd Year Project\\Genres\\pop\\Aqua_-_Lollipop_Candy_Man\'', 4, 8),
(269, 'Aqua_-_My_Oh_My', '\'D:\\Belgium Campus\\2018\\3rd Year Project\\Genres\\pop\\Aqua_-_My_Oh_My\'', 4, 6),
(270, 'Aretha_Franklin_-_Pink_Cadillac', '\'D:\\Belgium Campus\\2018\\3rd Year Project\\Genres\\pop\\Aretha_Franklin_-_Pink_Cadillac\'', 4, 6),
(271, 'Aretha_Franklin_-_Respect', '\'D:\\Belgium Campus\\2018\\3rd Year Project\\Genres\\pop\\Aretha_Franklin_-_Respect\'', 4, 7),
(272, 'Aretha_Franklin_-_Think', '\'D:\\Belgium Campus\\2018\\3rd Year Project\\Genres\\pop\\Aretha_Franklin_-_Think\'', 4, 3),
(273, 'Aretha_Franklin_-_You_Make_Me_Feel_Like_a_Natural_Woman', '\'D:\\Belgium Campus\\2018\\3rd Year Project\\Genres\\pop\\Aretha_Franklin_-_You_Make_Me_Feel_Like_a_Natural_Woman\'', 4, 4),
(274, 'A-Teens_-_Mama_Mia', '\'D:\\Belgium Campus\\2018\\3rd Year Project\\Genres\\pop\\A-Teens_-_Mama_Mia\'', 4, 8),
(275, 'A-Teens_-_Super_Trouper', '\'D:\\Belgium Campus\\2018\\3rd Year Project\\Genres\\pop\\A-Teens_-_Super_Trouper\'', 4, 9),
(276, 'Babyface_-_Change_the_World', '\'D:\\Belgium Campus\\2018\\3rd Year Project\\Genres\\pop\\Babyface_-_Change_the_World\'', 4, 6),
(277, 'Babyface_-_When_Can_I_See_You_Again', '\'D:\\Belgium Campus\\2018\\3rd Year Project\\Genres\\pop\\Babyface_-_When_Can_I_See_You_Again\'', 4, 8),
(278, 'Backstreet_Boys_-_10,000_Promises', '\'D:\\Belgium Campus\\2018\\3rd Year Project\\Genres\\pop\\Backstreet_Boys_-_10,000_Promises\'', 4, 1),
(279, 'Backstreet_Boys_-_Anywhwere_for_You', '\'D:\\Belgium Campus\\2018\\3rd Year Project\\Genres\\pop\\Backstreet_Boys_-_Anywhwere_for_You\'', 4, 4),
(280, 'Backstreet_Boys_-_Back_to_Your_Heart', '\'D:\\Belgium Campus\\2018\\3rd Year Project\\Genres\\pop\\Backstreet_Boys_-_Back_to_Your_Heart\'', 4, 4),
(281, 'Backstreet_Boys_-_Everybody', '\'D:\\Belgium Campus\\2018\\3rd Year Project\\Genres\\pop\\Backstreet_Boys_-_Everybody\'', 4, 9),
(282, 'Backstreet_Boys_-_I_Need_You_Tonight', '\'D:\\Belgium Campus\\2018\\3rd Year Project\\Genres\\pop\\Backstreet_Boys_-_I_Need_You_Tonight\'', 4, 2),
(283, 'Backstreet_Boys_-_I_Want_It_That_Way', '\'D:\\Belgium Campus\\2018\\3rd Year Project\\Genres\\pop\\Backstreet_Boys_-_I_Want_It_That_Way\'', 4, 9),
(284, 'Backstreet_Boys_-_I\'ll_Never_Break_Your_Heart', '\'D:\\Belgium Campus\\2018\\3rd Year Project\\Genres\\pop\\Backstreet_Boys_-_I\'ll_Never_Break_Your_Heart\'', 4, 4),
(285, 'Backstreet_Boys_-_Larger_Than_Life', '\'D:\\Belgium Campus\\2018\\3rd Year Project\\Genres\\pop\\Backstreet_Boys_-_Larger_Than_Life\'', 4, 8),
(286, 'Backstreet_Boys_-_Let_the_Music_Heal_Your_Soul', '\'D:\\Belgium Campus\\2018\\3rd Year Project\\Genres\\pop\\Backstreet_Boys_-_Let_the_Music_Heal_Your_Soul\'', 4, 3),
(287, 'Backstreet_Boys_-_Like_A_Child', '\'D:\\Belgium Campus\\2018\\3rd Year Project\\Genres\\pop\\Backstreet_Boys_-_Like_A_Child\'', 4, 7),
(288, 'Backstreet_Boys_-_My_Heart_Stays_With_You', '\'D:\\Belgium Campus\\2018\\3rd Year Project\\Genres\\pop\\Backstreet_Boys_-_My_Heart_Stays_With_You\'', 4, 4),
(289, 'Backstreet_Boys_-_No_One_Else_Comes_Close', '\'D:\\Belgium Campus\\2018\\3rd Year Project\\Genres\\pop\\Backstreet_Boys_-_No_One_Else_Comes_Close\'', 4, 2),
(290, 'Backstreet_Boys_-_Quit_Playing_Games_With_My_Heart', '\'D:\\Belgium Campus\\2018\\3rd Year Project\\Genres\\pop\\Backstreet_Boys_-_Quit_Playing_Games_With_My_Heart\'', 4, 1),
(291, 'Backstreet_Boys_-_Shape_of_My_Heart', '\'D:\\Belgium Campus\\2018\\3rd Year Project\\Genres\\pop\\Backstreet_Boys_-_Shape_of_My_Heart\'', 4, 6),
(292, 'Backstreet_Boys_-_The_One', '\'D:\\Belgium Campus\\2018\\3rd Year Project\\Genres\\pop\\Backstreet_Boys_-_The_One\'', 4, 6),
(293, 'Backstreet_Boys_-_We\'ve_Got_It_Goin_On', '\'D:\\Belgium Campus\\2018\\3rd Year Project\\Genres\\pop\\Backstreet_Boys_-_We\'ve_Got_It_Goin_On\'', 4, 9),
(294, 'Barbra_Streisand_-_The_Way_We_Were', '\'D:\\Belgium Campus\\2018\\3rd Year Project\\Genres\\pop\\Barbra_Streisand_-_The_Way_We_Were\'', 4, 1),
(295, 'Barbra_Streisand_-_Woman_In_Love', '\'D:\\Belgium Campus\\2018\\3rd Year Project\\Genres\\pop\\Barbra_Streisand_-_Woman_In_Love\'', 4, 4),
(296, 'Barenaked_Ladies_-_One_Week', '\'D:\\Belgium Campus\\2018\\3rd Year Project\\Genres\\pop\\Barenaked_Ladies_-_One_Week\'', 4, 3),
(297, 'Barenaked_Ladies_-_Shoe_Box', '\'D:\\Belgium Campus\\2018\\3rd Year Project\\Genres\\pop\\Barenaked_Ladies_-_Shoe_Box\'', 4, 9),
(298, 'Barenaked_Ladies_-_The_Old_Apartment', '\'D:\\Belgium Campus\\2018\\3rd Year Project\\Genres\\pop\\Barenaked_Ladies_-_The_Old_Apartment\'', 4, 1),
(299, 'Barry_Manilow_-_Copacabana', '\'D:\\Belgium Campus\\2018\\3rd Year Project\\Genres\\pop\\Barry_Manilow_-_Copacabana\'', 4, 7),
(300, 'Barry_Manilow_-_Even_Now', '\'D:\\Belgium Campus\\2018\\3rd Year Project\\Genres\\pop\\Barry_Manilow_-_Even_Now\'', 4, 6),
(301, 'Barry_Manilow_-_Mandy', '\'D:\\Belgium Campus\\2018\\3rd Year Project\\Genres\\pop\\Barry_Manilow_-_Mandy\'', 4, 2),
(302, 'BB_Mak_-_Back_Here', '\'D:\\Belgium Campus\\2018\\3rd Year Project\\Genres\\pop\\BB_Mak_-_Back_Here\'', 4, 9),
(303, 'Bee_Gees_-_How_Can_You_Mend_a_Broken_Heart', '\'D:\\Belgium Campus\\2018\\3rd Year Project\\Genres\\pop\\Bee_Gees_-_How_Can_You_Mend_a_Broken_Heart\'', 4, 1),
(304, 'Bee_Gees_-_How_Deep_Is_Your_Love', '\'D:\\Belgium Campus\\2018\\3rd Year Project\\Genres\\pop\\Bee_Gees_-_How_Deep_Is_Your_Love\'', 4, 8),
(305, 'Bee_Gees_-_I_Just_Want_to_Be_Your_Everything', '\'D:\\Belgium Campus\\2018\\3rd Year Project\\Genres\\pop\\Bee_Gees_-_I_Just_Want_to_Be_Your_Everything\'', 4, 4),
(306, 'Bee_Gees_-_I_Started_A_Joke', '\'D:\\Belgium Campus\\2018\\3rd Year Project\\Genres\\pop\\Bee_Gees_-_I_Started_A_Joke\'', 4, 9),
(307, 'Bee_Gees_-_Jive_Talkin\'', '\'D:\\Belgium Campus\\2018\\3rd Year Project\\Genres\\pop\\Bee_Gees_-_Jive_Talkin\'\'', 4, 2),
(308, 'Bee_Gees_-_Love_You_Inside_Out', '\'D:\\Belgium Campus\\2018\\3rd Year Project\\Genres\\pop\\Bee_Gees_-_Love_You_Inside_Out\'', 4, 4),
(309, 'Bee_Gees_-_Massachusetts', '\'D:\\Belgium Campus\\2018\\3rd Year Project\\Genres\\pop\\Bee_Gees_-_Massachusetts\'', 4, 8),
(310, 'Bee_Gees_-_Medley', '\'D:\\Belgium Campus\\2018\\3rd Year Project\\Genres\\pop\\Bee_Gees_-_Medley\'', 4, 7),
(311, 'Bee_Gees_-_More_Than_A_Woman', '\'D:\\Belgium Campus\\2018\\3rd Year Project\\Genres\\pop\\Bee_Gees_-_More_Than_A_Woman\'', 4, 9),
(312, 'Bee_Gees_-_Night_Fever', '\'D:\\Belgium Campus\\2018\\3rd Year Project\\Genres\\pop\\Bee_Gees_-_Night_Fever\'', 4, 1),
(313, 'Bee_Gees_-_Nights_On_Broadway', '\'D:\\Belgium Campus\\2018\\3rd Year Project\\Genres\\pop\\Bee_Gees_-_Nights_On_Broadway\'', 4, 3),
(314, 'Bee_Gees_-_Stayin_Alive', '\'D:\\Belgium Campus\\2018\\3rd Year Project\\Genres\\pop\\Bee_Gees_-_Stayin_Alive\'', 4, 2),
(315, 'Bee_Gees_-_To_Love_Somebody', '\'D:\\Belgium Campus\\2018\\3rd Year Project\\Genres\\pop\\Bee_Gees_-_To_Love_Somebody\'', 4, 4),
(316, 'Bee_Gees_-_Too_Much_Heaven', '\'D:\\Belgium Campus\\2018\\3rd Year Project\\Genres\\pop\\Bee_Gees_-_Too_Much_Heaven\'', 4, 7),
(317, 'Bee_Gees_-_Tragedy', '\'D:\\Belgium Campus\\2018\\3rd Year Project\\Genres\\pop\\Bee_Gees_-_Tragedy\'', 4, 1),
(318, 'Bee_Gees_-_Words', '\'D:\\Belgium Campus\\2018\\3rd Year Project\\Genres\\pop\\Bee_Gees_-_Words\'', 4, 6),
(319, 'Bee_Gees_-_You_Should_Be_Dancin\'', '\'D:\\Belgium Campus\\2018\\3rd Year Project\\Genres\\pop\\Bee_Gees_-_You_Should_Be_Dancin\'\'', 4, 2),
(320, 'Belinda_Carlisle_-_Circlein_the_Sand', '\'D:\\Belgium Campus\\2018\\3rd Year Project\\Genres\\pop\\Belinda_Carlisle_-_Circlein_the_Sand\'', 4, 8),
(321, 'Belinda_Carlisle_-_Heaven_Is_a_Place_on_Earth', '\'D:\\Belgium Campus\\2018\\3rd Year Project\\Genres\\pop\\Belinda_Carlisle_-_Heaven_Is_a_Place_on_Earth\'', 4, 3),
(322, 'Ben_E_King_-_Stand_By_Me', '\'D:\\Belgium Campus\\2018\\3rd Year Project\\Genres\\pop\\Ben_E_King_-_Stand_By_Me\'', 4, 3),
(323, 'Ben_Folds_Five_-_Brick', '\'D:\\Belgium Campus\\2018\\3rd Year Project\\Genres\\pop\\Ben_Folds_Five_-_Brick\'', 4, 1),
(324, 'Ben_Folds_Five_-_Steven\'s_Last_Night_in_Town', '\'D:\\Belgium Campus\\2018\\3rd Year Project\\Genres\\pop\\Ben_Folds_Five_-_Steven\'s_Last_Night_in_Town\'', 4, 2),
(325, 'Bertie_Higgins_-_Key_Largo', '\'D:\\Belgium Campus\\2018\\3rd Year Project\\Genres\\pop\\Bertie_Higgins_-_Key_Largo\'', 4, 3),
(326, 'Bette_Midler_-_Beaches', '\'D:\\Belgium Campus\\2018\\3rd Year Project\\Genres\\pop\\Bette_Midler_-_Beaches\'', 4, 8),
(327, 'Bette_Midler_-_From_A_Distance', '\'D:\\Belgium Campus\\2018\\3rd Year Project\\Genres\\pop\\Bette_Midler_-_From_A_Distance\'', 4, 5),
(328, 'Bette_Midler_-_The_Rose', '\'D:\\Belgium Campus\\2018\\3rd Year Project\\Genres\\pop\\Bette_Midler_-_From_A_Distance\'', 4, 4),
(329, 'Bette_Midler_-_The_Wind_Beneath_My_Wings', '\'D:\\Belgium Campus\\2018\\3rd Year Project\\Genres\\pop\\Bette_Midler_-_The_Wind_Beneath_My_Wings\'', 4, 7),
(330, 'Bill_Withers_-_Aint_No_Sunshine', '\'D:\\Belgium Campus\\2018\\3rd Year Project\\Genres\\pop\\Bill_Withers_-_Aint_No_Sunshine\'', 4, 3),
(331, 'Bill_Withers_-_Just_the_two_of_us', '\'D:\\Belgium Campus\\2018\\3rd Year Project\\Genres\\pop\\Bill_Withers_-_Just_the_two_of_us\'', 4, 1),
(332, 'Bill_Withers_-_Lean_on_Me', '\'D:\\Belgium Campus\\2018\\3rd Year Project\\Genres\\pop\\Bill_Withers_-_Lean_on_Me\'', 4, 4),
(333, 'Billie_Myers_-_Kiss_The_Rain', '\'D:\\Belgium Campus\\2018\\3rd Year Project\\Genres\\pop\\Billie_Myers_-_Kiss_The_Rain\'', 4, 4),
(334, 'Billy_Joel_-_Allentown', '\'D:\\Belgium Campus\\2018\\3rd Year Project\\Genres\\pop\\Billy_Joel_-_Allentown\'', 4, 6),
(335, 'Billy_Joel_-_It\'s_Still_Rock_and_Roll_to_Me', '\'D:\\Belgium Campus\\2018\\3rd Year Project\\Genres\\pop\\Billy_Joel_-_It\'s_Still_Rock_and_Roll_to_Me\'', 4, 9),
(336, 'Billy_Joel_-_My_Life', '\'D:\\Belgium Campus\\2018\\3rd Year Project\\Genres\\pop\\Billy_Joel_-_My_Life\'', 4, 3),
(337, 'Billy_Joel_-_Pressure', '\'D:\\Belgium Campus\\2018\\3rd Year Project\\Genres\\pop\\Billy_Joel_-_Pressure\'', 4, 5),
(338, 'Billy_Joel_-_River_of_Dreams', '\'D:\\Belgium Campus\\2018\\3rd Year Project\\Genres\\pop\\Billy_Joel_-_River_of_Dreams\'', 4, 4),
(339, 'Billy_Joel_-_Scenes_from_an_Italian_Restaurant', '\'D:\\Belgium Campus\\2018\\3rd Year Project\\Genres\\pop\\Billy_Joel_-_Scenes_from_an_Italian_Restaurant\'', 4, 4),
(340, 'Billy_Joel_-_She\'s_Always_a_Woman_to_Me', '\'D:\\Belgium Campus\\2018\\3rd Year Project\\Genres\\pop\\Billy_Joel_-_She\'s_Always_a_Woman_to_Me\'', 4, 3),
(341, 'Billy_Joel_-_She\'s_Got_a_Way', '\'D:\\Belgium Campus\\2018\\3rd Year Project\\Genres\\pop\\Billy_Joel_-_She\'s_Got_a_Way\'', 4, 9);
INSERT INTO `tblcsv` (`csvID`, `csvName`, `csvPath`, `csvGenreID`, `moodID`) VALUES
(342, 'Billy_Joel_-_Tell_Her_About_It', '\'D:\\Belgium Campus\\2018\\3rd Year Project\\Genres\\pop\\Billy_Joel_-_Tell_Her_About_It\'', 4, 7),
(343, 'Billy_Joel_-_The_Longest_Time', '\'D:\\Belgium Campus\\2018\\3rd Year Project\\Genres\\pop\\Billy_Joel_-_The_Longest_Time\'', 4, 8),
(344, 'Billy_Joel_-_The_Stranger', '\'D:\\Belgium Campus\\2018\\3rd Year Project\\Genres\\pop\\Billy_Joel_-_The_Stranger\'', 4, 6),
(346, 'Billy_Joel_-_Uptown_Girl', '\'D:\\Belgium Campus\\2018\\3rd Year Project\\Genres\\pop\\Billy_Joel_-_Uptown_Girl\'', 4, 7),
(347, 'Billy_Joel_-_You_May_Be_Right', '\'D:\\Belgium Campus\\2018\\3rd Year Project\\Genres\\pop\\Billy_Joel_-_You_May_Be_Right\'', 4, 6),
(348, 'BJ_Thomas_-_Hooked_on_a_Feeling', '\'D:\\Belgium Campus\\2018\\3rd Year Project\\Genres\\pop\\BJ_Thomas_-_Hooked_on_a_Feeling\'', 4, 6),
(349, 'BJ_Thomas_-_Raindrops_Keep_Falling', '\'D:\\Belgium Campus\\2018\\3rd Year Project\\Genres\\pop\\BJ_Thomas_-_Raindrops_Keep_Falling\'', 4, 7),
(350, 'Bjork_-_Bachelorette', '\'D:\\Belgium Campus\\2018\\3rd Year Project\\Genres\\pop\\Bjork_-_Bachelorette\'', 4, 2),
(351, 'Bjork_-_Human_Behavior', '\'D:\\Belgium Campus\\2018\\3rd Year Project\\Genres\\pop\\Bjork_-_Human_Behavior\'', 4, 9),
(352, 'Bjork_-_Hyper_Ballad', '\'D:\\Belgium Campus\\2018\\3rd Year Project\\Genres\\pop\\Bjork_-_Hyper_Ballad\'', 4, 6),
(353, 'Bjork_-_Joga', '\'D:\\Belgium Campus\\2018\\3rd Year Project\\Genres\\pop\\Bjork_-_Joga\'', 4, 5),
(354, 'Bjork_-_Oh_So_Quiet', '\'D:\\Belgium Campus\\2018\\3rd Year Project\\Genres\\pop\\Bjork_-_Oh_So_Quiet\'', 4, 7),
(355, 'Blackstreet_-_No_Diggity', '\'D:\\Belgium Campus\\2018\\3rd Year Project\\Genres\\pop\\Blackstreet_-_No_Diggity\'', 4, 3),
(356, 'Blackstreet_-_Take_Me_There', '\'D:\\Belgium Campus\\2018\\3rd Year Project\\Genres\\pop\\Blackstreet_-_Take_Me_There\'', 4, 8),
(357, 'Blaque_-_Bring_It_All_To_Me', '\'D:\\Belgium Campus\\2018\\3rd Year Project\\Genres\\pop\\Blaque_-_Bring_It_All_To_Me\'', 4, 2),
(358, 'Blessed_Union_Of_Souls_-_Hey_Leonardo', '\'D:\\Belgium Campus\\2018\\3rd Year Project\\Genres\\pop\\Blessed_Union_Of_Souls_-_Hey_Leonardo\'', 4, 3),
(359, 'Blood_Sweat_and_Tears_-_And_When_I_Die', '\'D:\\Belgium Campus\\2018\\3rd Year Project\\Genres\\pop\\Blood_Sweat_and_Tears_-_And_When_I_Die\'', 4, 1),
(360, 'Blood_Sweat_and_Tears_-_I_Can\'t_Quit_Her', '\'D:\\Belgium Campus\\2018\\3rd Year Project\\Genres\\pop\\Blood_Sweat_and_Tears_-_I_Can\'t_Quit_Her\'', 4, 1),
(361, 'Blood_Sweat_and_Tears_-_You\'ve_Made_Me_So_Very_Happy', '\'D:\\Belgium Campus\\2018\\3rd Year Project\\Genres\\pop\\Blood_Sweat_and_Tears_-_You\'ve_Made_Me_So_Very_Happy\'', 4, 2),
(362, 'Bloodhound_Gang_-_Fire_Water_Burn', '\'D:\\Belgium Campus\\2018\\3rd Year Project\\Genres\\pop\\Bloodhound_Gang_-_Fire_Water_Burn\'', 4, 9),
(363, 'Bloodhound_Gang_-_The_Bad_Touch', '\'D:\\Belgium Campus\\2018\\3rd Year Project\\Genres\\pop\\Bloodhound_Gang_-_The_Bad_Touch\'', 4, 5),
(364, 'Bloodhound_Gang_-_The_Bad_Touch_(Eiffel65_Mix)', '\'D:\\Belgium Campus\\2018\\3rd Year Project\\Genres\\pop\\Bloodhound_Gang_-_The_Bad_Touch_(Eiffel65_Mix\'', 4, 5),
(365, 'Blur_-_Country_House', '\'D:\\Belgium Campus\\2018\\3rd Year Project\\Genres\\pop\\Blur_-_Country_House\'', 4, 8),
(366, 'Blur_-_Ecco_Song', '\'D:\\Belgium Campus\\2018\\3rd Year Project\\Genres\\pop\\Blur_-_Ecco_Song\'', 4, 7),
(367, 'Blur_-_Song_2', '\'D:\\Belgium Campus\\2018\\3rd Year Project\\Genres\\pop\\Blur_-_Song_2\'', 4, 7),
(368, 'Blur_-_Tender', '\'D:\\Belgium Campus\\2018\\3rd Year Project\\Genres\\pop\\Blur_-_Tender\'', 4, 2),
(369, 'Bobby_McFerrin_-_Dont_Worry_Be_Happy', '\'D:\\Belgium Campus\\2018\\3rd Year Project\\Genres\\pop\\Bobby_McFerrin_-_Dont_Worry_Be_Happy\'', 4, 2),
(370, 'Bobby_Vinton_-_Blue_Velvet', '\'D:\\Belgium Campus\\2018\\3rd Year Project\\Genres\\pop\\Bobby_Vinton_-_Blue_Velvet\'', 4, 9),
(371, 'Bobby_Vinton_-_My_Special_Angel', '\'D:\\Belgium Campus\\2018\\3rd Year Project\\Genres\\pop\\Bobby_Vinton_-_My_Special_Angel\'', 4, 4),
(372, 'Bobby_Vinton_-_Sealed_With_a_Kiss', '\'D:\\Belgium Campus\\2018\\3rd Year Project\\Genres\\pop\\Bobby_Vinton_-_Sealed_With_a_Kiss\'', 4, 4),
(373, 'Bonnie_Tyler_-_Holding_Out_for_a_Hero', '\'D:\\Belgium Campus\\2018\\3rd Year Project\\Genres\\pop\\Bonnie_Tyler_-_Holding_Out_for_a_Hero', 4, 8),
(374, 'Bonnie_Tyler_-_It\'s_a_Heartache', '\'D:\\Belgium Campus\\2018\\3rd Year Project\\Genres\\pop\\Bonnie_Tyler_-_It\'s_a_Heartache\'', 4, 1),
(375, 'Bonnie_Tyler_-_Total_Eclipse_of_the_Heart', '\'D:\\Belgium Campus\\2018\\3rd Year Project\\Genres\\pop\\Bonnie_Tyler_-_Total_Eclipse_of_the_Heart\'', 4, 4),
(376, 'Boyz_2_Men_-_A_Song_For_Mama', '\'D:\\Belgium Campus\\2018\\3rd Year Project\\Genres\\pop\\Boyz_2_Men_-_A_Song_For_Mama\'', 4, 1),
(377, 'Boyz_2_Men_-_End_Of_The_Road', '\'D:\\Belgium Campus\\2018\\3rd Year Project\\Genres\\pop\\Boyz_2_Men_-_End_Of_The_Road\'', 4, 6),
(378, 'Boyz_2_Men_-_Ill_Make_Love_To_You', '\'D:\\Belgium Campus\\2018\\3rd Year Project\\Genres\\pop\\Boyz_2_Men_-_Ill_Make_Love_To_You\'', 4, 4),
(379, 'Boyz_2_Men_-_Yesterday', '\'D:\\Belgium Campus\\2018\\3rd Year Project\\Genres\\pop\\Boyz_2_Men_-_Yesterday\'', 4, 6),
(380, 'Boyzone_-_A_Different_Beat', '\'D:\\Belgium Campus\\2018\\3rd Year Project\\Genres\\pop\\Boyzone_-_A_Different_Beat\'', 4, 2),
(381, 'Boyzone_-_All_That_I_Need', '\'D:\\Belgium Campus\\2018\\3rd Year Project\\Genres\\pop\\Boyzone_-_A_Different_Beat\'', 4, 2);

-- --------------------------------------------------------

--
-- Table structure for table `tblgenre`
--

DROP TABLE IF EXISTS `tblgenre`;
CREATE TABLE IF NOT EXISTS `tblgenre` (
  `genreID` int(11) NOT NULL,
  `genreName` varchar(20) NOT NULL,
  `genreDesc` varchar(100) NOT NULL,
  PRIMARY KEY (`genreID`)
) ENGINE=MyISAM DEFAULT CHARSET=latin1;

--
-- Dumping data for table `tblgenre`
--

INSERT INTO `tblgenre` (`genreID`, `genreName`, `genreDesc`) VALUES
(1, 'Blues', 'Relaxing music'),
(2, 'Classic', 'Art music including liturgical and secular music'),
(3, 'Dance', 'Intended for dancing to in clubs'),
(4, 'Pop', 'Electic music borrowing elements from other tyles'),
(5, 'Punk', 'Aggressive form of rock music'),
(6, 'Rap', 'Boastful rhyming using slang'),
(7, 'Rock', 'Strong baseline and driving rhythms'),
(8, 'Jazz', 'Usually a regular or forceful rhythm\r\n'),
(9, 'Metal', 'With roots in blues rock and psychedelic rock');

-- --------------------------------------------------------

--
-- Table structure for table `tblmood`
--

DROP TABLE IF EXISTS `tblmood`;
CREATE TABLE IF NOT EXISTS `tblmood` (
  `moodID` int(11) NOT NULL,
  `moodName` varchar(100) NOT NULL,
  `moodDesc` varchar(100) NOT NULL
) ENGINE=MyISAM DEFAULT CHARSET=latin1;

--
-- Dumping data for table `tblmood`
--

INSERT INTO `tblmood` (`moodID`, `moodName`, `moodDesc`) VALUES
(1, 'Sad', 'Feeling or showing sorrow'),
(2, 'Happy', 'Feeling or showing pleasure or contentment'),
(3, 'Cheerful', 'Noticeably happy or optimistic'),
(4, 'Romantic', 'Characterized by the expression of love'),
(5, 'Aggressive', 'Ready or likely to attack or confront'),
(6, 'Intense', 'Having or showing strong feelings or opinions; extremely earnest or serious'),
(7, 'Calm', 'Not showing or feeling nervousness,anger or other strong emotions'),
(8, 'Excited', 'Very enthusiastic and eager'),
(9, 'Humorous', 'Causing lighthearted laughter and amusement');
COMMIT;

/*!40101 SET CHARACTER_SET_CLIENT=@OLD_CHARACTER_SET_CLIENT */;
/*!40101 SET CHARACTER_SET_RESULTS=@OLD_CHARACTER_SET_RESULTS */;
/*!40101 SET COLLATION_CONNECTION=@OLD_COLLATION_CONNECTION */;
